1,Harvey,Bush,harvey.bush@gmail.com,8896317985,8896317985,BKA,HA NOI,HAI DUONG,HA NOI,000,230,3776,326edfc370f8e8e9a158003f239c8a8b381eb0ce,12345678,0,1
1,Sam,Bowen,sam.bowen@gmail.com,4378688616,4378688616,BKA,HA NOI,HAI DUONG,HA NOI,000,230,3776,326edfc370f8e8e9a158003f239c8a8b381eb0ce,12345678,0,1
1,Nadine,Bird,nadine.bird@gmail.com,5266187725,5266187725,BKA,HA NOI,HAI DUONG,HA NOI,000,230,3776,326edfc370f8e8e9a158003f239c8a8b381eb0ce,12345678,0,1
1,Miharu,Bright,miharu.bright@gmail.com,4435771135,4435771135,BKA,HA NOI,HAI DUONG,HA NOI,000,230,3776,326edfc370f8e8e9a158003f239c8a8b381eb0ce,12345678,0,1
1,Teddy,Berry,teddy.berry@gmail.com,9206477414,9206477414,BKA,HA NOI,HAI DUONG,HA NOI,000,230,3776,326edfc370f8e8e9a158003f239c8a8b381eb0ce,12345678,0,1
1,Gordon,Britt,gordon.britt@gmail.com,1779923251,1779923251,BKA,HA NOI,HAI DUONG,HA NOI,000,230,3776,326edfc370f8e8e9a158003f239c8a8b381eb0ce,12345678,0,1
1,Lee,Avery,lee.avery@gmail.com,4125985657,4125985657,BKA,HA NOI,HAI DUONG,HA NOI,000,230,3776,326edfc370f8e8e9a158003f239c8a8b381eb0ce,12345678,0,1
1,Stan,Brennan,stan.brennan@gmail.com,2324017239,2324017239,BKA,HA NOI,HAI DUONG,HA NOI,000,230,3776,326edfc370f8e8e9a158003f239c8a8b381eb0ce,12345678,0,1
1,Omar,Arnold,omar.arnold@gmail.com,1128615124,1128615124,BKA,HA NOI,HAI DUONG,HA NOI,000,230,3776,326edfc370f8e8e9a158003f239c8a8b381eb0ce,12345678,0,1
1,Kaori,Bell,kaori.bell@gmail.com,2049965206,2049965206,BKA,HA NOI,HAI DUONG,HA NOI,000,230,3776,326edfc370f8e8e9a158003f239c8a8b381eb0ce,12345678,0,1
1,Leslie,Bentley,leslie.bentley@gmail.com,1871167475,1871167475,BKA,HA NOI,HAI DUONG,HA NOI,000,230,3776,326edfc370f8e8e9a158003f239c8a8b381eb0ce,12345678,0,1
1,Akane,Battle,akane.battle@gmail.com,7348354866,7348354866,BKA,HA NOI,HAI DUONG,HA NOI,000,230,3776,326edfc370f8e8e9a158003f239c8a8b381eb0ce,12345678,0,1
1,Lee,Alvarez,lee.alvarez@gmail.com,5113219704,5113219704,BKA,HA NOI,HAI DUONG,HA NOI,000,230,3776,326edfc370f8e8e9a158003f239c8a8b381eb0ce,12345678,0,1
1,Naoko,Britt,naoko.britt@gmail.com,3149214029,3149214029,BKA,HA NOI,HAI DUONG,HA NOI,000,230,3776,326edfc370f8e8e9a158003f239c8a8b381eb0ce,12345678,0,1
1,Vicky,Bowers,vicky.bowers@gmail.com,7185626021,7185626021,BKA,HA NOI,HAI DUONG,HA NOI,000,230,3776,326edfc370f8e8e9a158003f239c8a8b381eb0ce,12345678,0,1
1,Yumi,Acevedo,yumi.acevedo@gmail.com,8203763537,8203763537,BKA,HA NOI,HAI DUONG,HA NOI,000,230,3776,326edfc370f8e8e9a158003f239c8a8b381eb0ce,12345678,0,1
1,Chris,Bernard,chris.bernard@gmail.com,9682051438,9682051438,BKA,HA NOI,HAI DUONG,HA NOI,000,230,3776,326edfc370f8e8e9a158003f239c8a8b381eb0ce,12345678,0,1
1,Maria,Bush,maria.bush@gmail.com,3385252121,3385252121,BKA,HA NOI,HAI DUONG,HA NOI,000,230,3776,326edfc370f8e8e9a158003f239c8a8b381eb0ce,12345678,0,1
1,Larry,Ayers,larry.ayers@gmail.com,2146647102,2146647102,BKA,HA NOI,HAI DUONG,HA NOI,000,230,3776,326edfc370f8e8e9a158003f239c8a8b381eb0ce,12345678,0,1
1,Cindy,Beard,cindy.beard@gmail.com,3439753010,3439753010,BKA,HA NOI,HAI DUONG,HA NOI,000,230,3776,326edfc370f8e8e9a158003f239c8a8b381eb0ce,12345678,0,1
1,Kaori,Bright,kaori.bright@gmail.com,2769382281,2769382281,BKA,HA NOI,HAI DUONG,HA NOI,000,230,3776,326edfc370f8e8e9a158003f239c8a8b381eb0ce,12345678,0,1
1,Ernesto,Buckner,ernesto.buckner@gmail.com,3452242805,3452242805,BKA,HA NOI,HAI DUONG,HA NOI,000,230,3776,326edfc370f8e8e9a158003f239c8a8b381eb0ce,12345678,0,1
1,Juan,Buchanan,juan.buchanan@gmail.com,9735120105,9735120105,BKA,HA NOI,HAI DUONG,HA NOI,000,230,3776,326edfc370f8e8e9a158003f239c8a8b381eb0ce,12345678,0,1
1,Chiaki,Andrews,chiaki.andrews@gmail.com,8248594838,8248594838,BKA,HA NOI,HAI DUONG,HA NOI,000,230,3776,326edfc370f8e8e9a158003f239c8a8b381eb0ce,12345678,0,1
1,Gordon,Blackwell,gordon.blackwell@gmail.com,6784294891,6784294891,BKA,HA NOI,HAI DUONG,HA NOI,000,230,3776,326edfc370f8e8e9a158003f239c8a8b381eb0ce,12345678,0,1
1,Chantal,Blair,chantal.blair@gmail.com,5300060666,5300060666,BKA,HA NOI,HAI DUONG,HA NOI,000,230,3776,326edfc370f8e8e9a158003f239c8a8b381eb0ce,12345678,0,1
1,Dean,Boyer,dean.boyer@gmail.com,9882616375,9882616375,BKA,HA NOI,HAI DUONG,HA NOI,000,230,3776,326edfc370f8e8e9a158003f239c8a8b381eb0ce,12345678,0,1
1,Jose,Bird,jose.bird@gmail.com,7290615732,7290615732,BKA,HA NOI,HAI DUONG,HA NOI,000,230,3776,326edfc370f8e8e9a158003f239c8a8b381eb0ce,12345678,0,1
1,Akane,Anthony,akane.anthony@gmail.com,1412877198,1412877198,BKA,HA NOI,HAI DUONG,HA NOI,000,230,3776,326edfc370f8e8e9a158003f239c8a8b381eb0ce,12345678,0,1
1,Florence,Booth,florence.booth@gmail.com,1491541543,1491541543,BKA,HA NOI,HAI DUONG,HA NOI,000,230,3776,326edfc370f8e8e9a158003f239c8a8b381eb0ce,12345678,0,1
1,Nicole,Bernard,nicole.bernard@gmail.com,9927241673,9927241673,BKA,HA NOI,HAI DUONG,HA NOI,000,230,3776,326edfc370f8e8e9a158003f239c8a8b381eb0ce,12345678,0,1
1,Naoko,Brooks,naoko.brooks@gmail.com,2582742604,2582742604,BKA,HA NOI,HAI DUONG,HA NOI,000,230,3776,326edfc370f8e8e9a158003f239c8a8b381eb0ce,12345678,0,1
1,Gustav,Bass,gustav.bass@gmail.com,9764072698,9764072698,BKA,HA NOI,HAI DUONG,HA NOI,000,230,3776,326edfc370f8e8e9a158003f239c8a8b381eb0ce,12345678,0,1
1,Chiaki,Barber,chiaki.barber@gmail.com,8918650286,8918650286,BKA,HA NOI,HAI DUONG,HA NOI,000,230,3776,326edfc370f8e8e9a158003f239c8a8b381eb0ce,12345678,0,1
1,Wanda,Baker,wanda.baker@gmail.com,2390734772,2390734772,BKA,HA NOI,HAI DUONG,HA NOI,000,230,3776,326edfc370f8e8e9a158003f239c8a8b381eb0ce,12345678,0,1
1,Valerie,Burch,valerie.burch@gmail.com,3359850579,3359850579,BKA,HA NOI,HAI DUONG,HA NOI,000,230,3776,326edfc370f8e8e9a158003f239c8a8b381eb0ce,12345678,0,1
1,Olga,Beasley,olga.beasley@gmail.com,6530718399,6530718399,BKA,HA NOI,HAI DUONG,HA NOI,000,230,3776,326edfc370f8e8e9a158003f239c8a8b381eb0ce,12345678,0,1
1,Grace,Acevedo,grace.acevedo@gmail.com,8565668319,8565668319,BKA,HA NOI,HAI DUONG,HA NOI,000,230,3776,326edfc370f8e8e9a158003f239c8a8b381eb0ce,12345678,0,1
1,Joyce,Acosta,joyce.acosta@gmail.com,3091170424,3091170424,BKA,HA NOI,HAI DUONG,HA NOI,000,230,3776,326edfc370f8e8e9a158003f239c8a8b381eb0ce,12345678,0,1
1,Karl,Blackwell,karl.blackwell@gmail.com,3082061597,3082061597,BKA,HA NOI,HAI DUONG,HA NOI,000,230,3776,326edfc370f8e8e9a158003f239c8a8b381eb0ce,12345678,0,1
1,Bonnie,Arnold,bonnie.arnold@gmail.com,5714283732,5714283732,BKA,HA NOI,HAI DUONG,HA NOI,000,230,3776,326edfc370f8e8e9a158003f239c8a8b381eb0ce,12345678,0,1
1,Katrina,Bridges,katrina.bridges@gmail.com,5907132564,5907132564,BKA,HA NOI,HAI DUONG,HA NOI,000,230,3776,326edfc370f8e8e9a158003f239c8a8b381eb0ce,12345678,0,1
1,Etsuko,Barker,etsuko.barker@gmail.com,3317141112,3317141112,BKA,HA NOI,HAI DUONG,HA NOI,000,230,3776,326edfc370f8e8e9a158003f239c8a8b381eb0ce,12345678,0,1
1,William,Allen,william.allen@gmail.com,9934656551,9934656551,BKA,HA NOI,HAI DUONG,HA NOI,000,230,3776,326edfc370f8e8e9a158003f239c8a8b381eb0ce,12345678,0,1
1,Dennis,Cain,dennis.cain@gmail.com,1149615361,1149615361,BKA,HA NOI,HAI DUONG,HA NOI,000,230,3776,326edfc370f8e8e9a158003f239c8a8b381eb0ce,12345678,0,1
1,Lisa,Ballard,lisa.ballard@gmail.com,6363720075,6363720075,BKA,HA NOI,HAI DUONG,HA NOI,000,230,3776,326edfc370f8e8e9a158003f239c8a8b381eb0ce,12345678,0,1
1,Olga,Blake,olga.blake@gmail.com,2120314423,2120314423,BKA,HA NOI,HAI DUONG,HA NOI,000,230,3776,326edfc370f8e8e9a158003f239c8a8b381eb0ce,12345678,0,1
1,Rie,Berg,rie.berg@gmail.com,9167380898,9167380898,BKA,HA NOI,HAI DUONG,HA NOI,000,230,3776,326edfc370f8e8e9a158003f239c8a8b381eb0ce,12345678,0,1
1,Wilfred,Baird,wilfred.baird@gmail.com,4499717362,4499717362,BKA,HA NOI,HAI DUONG,HA NOI,000,230,3776,326edfc370f8e8e9a158003f239c8a8b381eb0ce,12345678,0,1
1,Earl,Ballard,earl.ballard@gmail.com,8112352184,8112352184,BKA,HA NOI,HAI DUONG,HA NOI,000,230,3776,326edfc370f8e8e9a158003f239c8a8b381eb0ce,12345678,0,1
1,Valerie,Arnold,valerie.arnold@gmail.com,9164159105,9164159105,BKA,HA NOI,HAI DUONG,HA NOI,000,230,3776,326edfc370f8e8e9a158003f239c8a8b381eb0ce,12345678,0,1
1,Juan,Beasley,juan.beasley@gmail.com,5042554485,5042554485,BKA,HA NOI,HAI DUONG,HA NOI,000,230,3776,326edfc370f8e8e9a158003f239c8a8b381eb0ce,12345678,0,1
1,Wanda,Bullock,wanda.bullock@gmail.com,5031613155,5031613155,BKA,HA NOI,HAI DUONG,HA NOI,000,230,3776,326edfc370f8e8e9a158003f239c8a8b381eb0ce,12345678,0,1
1,Edouard,Buck,edouard.buck@gmail.com,6831842614,6831842614,BKA,HA NOI,HAI DUONG,HA NOI,000,230,3776,326edfc370f8e8e9a158003f239c8a8b381eb0ce,12345678,0,1
1,Sam,Bray,sam.bray@gmail.com,2425221685,2425221685,BKA,HA NOI,HAI DUONG,HA NOI,000,230,3776,326edfc370f8e8e9a158003f239c8a8b381eb0ce,12345678,0,1
1,Bill,Buckner,bill.buckner@gmail.com,3674470271,3674470271,BKA,HA NOI,HAI DUONG,HA NOI,000,230,3776,326edfc370f8e8e9a158003f239c8a8b381eb0ce,12345678,0,1
1,Bret,Byers,bret.byers@gmail.com,2517325498,2517325498,BKA,HA NOI,HAI DUONG,HA NOI,000,230,3776,326edfc370f8e8e9a158003f239c8a8b381eb0ce,12345678,0,1
1,Cristobal,Blair,cristobal.blair@gmail.com,4605826933,4605826933,BKA,HA NOI,HAI DUONG,HA NOI,000,230,3776,326edfc370f8e8e9a158003f239c8a8b381eb0ce,12345678,0,1
1,Cristobal,Alvarado,cristobal.alvarado@gmail.com,7913655718,7913655718,BKA,HA NOI,HAI DUONG,HA NOI,000,230,3776,326edfc370f8e8e9a158003f239c8a8b381eb0ce,12345678,0,1
1,Sayuri,Bray,sayuri.bray@gmail.com,3308125459,3308125459,BKA,HA NOI,HAI DUONG,HA NOI,000,230,3776,326edfc370f8e8e9a158003f239c8a8b381eb0ce,12345678,0,1
1,Ophelia,Buchanan,ophelia.buchanan@gmail.com,3937425935,3937425935,BKA,HA NOI,HAI DUONG,HA NOI,000,230,3776,326edfc370f8e8e9a158003f239c8a8b381eb0ce,12345678,0,1
1,Chantal,Brady,chantal.brady@gmail.com,9017364969,9017364969,BKA,HA NOI,HAI DUONG,HA NOI,000,230,3776,326edfc370f8e8e9a158003f239c8a8b381eb0ce,12345678,0,1
1,Tony,Barr,tony.barr@gmail.com,2810339827,2810339827,BKA,HA NOI,HAI DUONG,HA NOI,000,230,3776,326edfc370f8e8e9a158003f239c8a8b381eb0ce,12345678,0,1
1,Van,Brewer,van.brewer@gmail.com,2884040924,2884040924,BKA,HA NOI,HAI DUONG,HA NOI,000,230,3776,326edfc370f8e8e9a158003f239c8a8b381eb0ce,12345678,0,1
1,Sally,Bryan,sally.bryan@gmail.com,5288090295,5288090295,BKA,HA NOI,HAI DUONG,HA NOI,000,230,3776,326edfc370f8e8e9a158003f239c8a8b381eb0ce,12345678,0,1
1,Pablo,Blevins,pablo.blevins@gmail.com,7483595771,7483595771,BKA,HA NOI,HAI DUONG,HA NOI,000,230,3776,326edfc370f8e8e9a158003f239c8a8b381eb0ce,12345678,0,1
1,Oscar,Atkins,oscar.atkins@gmail.com,3731543921,3731543921,BKA,HA NOI,HAI DUONG,HA NOI,000,230,3776,326edfc370f8e8e9a158003f239c8a8b381eb0ce,12345678,0,1
1,Wanda,Burt,wanda.burt@gmail.com,2106747987,2106747987,BKA,HA NOI,HAI DUONG,HA NOI,000,230,3776,326edfc370f8e8e9a158003f239c8a8b381eb0ce,12345678,0,1
1,Michiyo,Bullock,michiyo.bullock@gmail.com,5363913502,5363913502,BKA,HA NOI,HAI DUONG,HA NOI,000,230,3776,326edfc370f8e8e9a158003f239c8a8b381eb0ce,12345678,0,1
1,Beryl,Brady,beryl.brady@gmail.com,6102026626,6102026626,BKA,HA NOI,HAI DUONG,HA NOI,000,230,3776,326edfc370f8e8e9a158003f239c8a8b381eb0ce,12345678,0,1
1,Mieko,Beck,mieko.beck@gmail.com,8185565966,8185565966,BKA,HA NOI,HAI DUONG,HA NOI,000,230,3776,326edfc370f8e8e9a158003f239c8a8b381eb0ce,12345678,0,1
1,Nicholas,Albert,nicholas.albert@gmail.com,3852739415,3852739415,BKA,HA NOI,HAI DUONG,HA NOI,000,230,3776,326edfc370f8e8e9a158003f239c8a8b381eb0ce,12345678,0,1
1,Alex,Bauer,alex.bauer@gmail.com,6814138307,6814138307,BKA,HA NOI,HAI DUONG,HA NOI,000,230,3776,326edfc370f8e8e9a158003f239c8a8b381eb0ce,12345678,0,1
1,Sam,Austin,sam.austin@gmail.com,6282342137,6282342137,BKA,HA NOI,HAI DUONG,HA NOI,000,230,3776,326edfc370f8e8e9a158003f239c8a8b381eb0ce,12345678,0,1
1,Dolly,Barr,dolly.barr@gmail.com,2871270168,2871270168,BKA,HA NOI,HAI DUONG,HA NOI,000,230,3776,326edfc370f8e8e9a158003f239c8a8b381eb0ce,12345678,0,1
1,Beryl,Barker,beryl.barker@gmail.com,8659421315,8659421315,BKA,HA NOI,HAI DUONG,HA NOI,000,230,3776,326edfc370f8e8e9a158003f239c8a8b381eb0ce,12345678,0,1
1,Kumiko,Baxter,kumiko.baxter@gmail.com,9348853053,9348853053,BKA,HA NOI,HAI DUONG,HA NOI,000,230,3776,326edfc370f8e8e9a158003f239c8a8b381eb0ce,12345678,0,1
1,Miyako,Barber,miyako.barber@gmail.com,7370173433,7370173433,BKA,HA NOI,HAI DUONG,HA NOI,000,230,3776,326edfc370f8e8e9a158003f239c8a8b381eb0ce,12345678,0,1
1,Dolly,Bean,dolly.bean@gmail.com,9730183664,9730183664,BKA,HA NOI,HAI DUONG,HA NOI,000,230,3776,326edfc370f8e8e9a158003f239c8a8b381eb0ce,12345678,0,1
1,Rene,Butler,rene.butler@gmail.com,6366325247,6366325247,BKA,HA NOI,HAI DUONG,HA NOI,000,230,3776,326edfc370f8e8e9a158003f239c8a8b381eb0ce,12345678,0,1
1,Sam,Atkinson,sam.atkinson@gmail.com,6463173673,6463173673,BKA,HA NOI,HAI DUONG,HA NOI,000,230,3776,326edfc370f8e8e9a158003f239c8a8b381eb0ce,12345678,0,1
1,Fay,Bradford,fay.bradford@gmail.com,1903148243,1903148243,BKA,HA NOI,HAI DUONG,HA NOI,000,230,3776,326edfc370f8e8e9a158003f239c8a8b381eb0ce,12345678,0,1
1,Alex,Barry,alex.barry@gmail.com,6038012906,6038012906,BKA,HA NOI,HAI DUONG,HA NOI,000,230,3776,326edfc370f8e8e9a158003f239c8a8b381eb0ce,12345678,0,1
1,Alex,Booker,alex.booker@gmail.com,1447366200,1447366200,BKA,HA NOI,HAI DUONG,HA NOI,000,230,3776,326edfc370f8e8e9a158003f239c8a8b381eb0ce,12345678,0,1
1,Mindy,Boyer,mindy.boyer@gmail.com,4608321694,4608321694,BKA,HA NOI,HAI DUONG,HA NOI,000,230,3776,326edfc370f8e8e9a158003f239c8a8b381eb0ce,12345678,0,1
1,Kazuko,Cabrera,kazuko.cabrera@gmail.com,6655535775,6655535775,BKA,HA NOI,HAI DUONG,HA NOI,000,230,3776,326edfc370f8e8e9a158003f239c8a8b381eb0ce,12345678,0,1
1,Barry,Barron,barry.barron@gmail.com,4865834549,4865834549,BKA,HA NOI,HAI DUONG,HA NOI,000,230,3776,326edfc370f8e8e9a158003f239c8a8b381eb0ce,12345678,0,1
1,Katrina,Boyer,katrina.boyer@gmail.com,8720147193,8720147193,BKA,HA NOI,HAI DUONG,HA NOI,000,230,3776,326edfc370f8e8e9a158003f239c8a8b381eb0ce,12345678,0,1
1,Valerie,Alford,valerie.alford@gmail.com,9029920954,9029920954,BKA,HA NOI,HAI DUONG,HA NOI,000,230,3776,326edfc370f8e8e9a158003f239c8a8b381eb0ce,12345678,0,1
1,Wilfred,Becker,wilfred.becker@gmail.com,2072429293,2072429293,BKA,HA NOI,HAI DUONG,HA NOI,000,230,3776,326edfc370f8e8e9a158003f239c8a8b381eb0ce,12345678,0,1
1,Juan,Anderson,juan.anderson@gmail.com,9776912956,9776912956,BKA,HA NOI,HAI DUONG,HA NOI,000,230,3776,326edfc370f8e8e9a158003f239c8a8b381eb0ce,12345678,0,1
1,Wanda,Bartlett,wanda.bartlett@gmail.com,9945715635,9945715635,BKA,HA NOI,HAI DUONG,HA NOI,000,230,3776,326edfc370f8e8e9a158003f239c8a8b381eb0ce,12345678,0,1
1,Erin,Bradshaw,erin.bradshaw@gmail.com,9211421800,9211421800,BKA,HA NOI,HAI DUONG,HA NOI,000,230,3776,326edfc370f8e8e9a158003f239c8a8b381eb0ce,12345678,0,1
1,Tammy,Burnett,tammy.burnett@gmail.com,5731975922,5731975922,BKA,HA NOI,HAI DUONG,HA NOI,000,230,3776,326edfc370f8e8e9a158003f239c8a8b381eb0ce,12345678,0,1
1,Arlene,Alford,arlene.alford@gmail.com,5096170976,5096170976,BKA,HA NOI,HAI DUONG,HA NOI,000,230,3776,326edfc370f8e8e9a158003f239c8a8b381eb0ce,12345678,0,1
1,Virginie,Austin,virginie.austin@gmail.com,4338260360,4338260360,BKA,HA NOI,HAI DUONG,HA NOI,000,230,3776,326edfc370f8e8e9a158003f239c8a8b381eb0ce,12345678,0,1
1,Gordon,Boyer,gordon.boyer@gmail.com,3621679084,3621679084,BKA,HA NOI,HAI DUONG,HA NOI,000,230,3776,326edfc370f8e8e9a158003f239c8a8b381eb0ce,12345678,0,1
1,Vince,Becker,vince.becker@gmail.com,6731217945,6731217945,BKA,HA NOI,HAI DUONG,HA NOI,000,230,3776,326edfc370f8e8e9a158003f239c8a8b381eb0ce,12345678,0,1
1,Victor,Black,victor.black@gmail.com,6531447707,6531447707,BKA,HA NOI,HAI DUONG,HA NOI,000,230,3776,326edfc370f8e8e9a158003f239c8a8b381eb0ce,12345678,0,1
1,Humberto,Bush,humberto.bush@gmail.com,4195791472,4195791472,BKA,HA NOI,HAI DUONG,HA NOI,000,230,3776,326edfc370f8e8e9a158003f239c8a8b381eb0ce,12345678,0,1
