1,Bret,Baxter,bret.baxter@gmail.com,8713880705,8713880705,BKA,HA NOI,HAI DUONG,HA NOI,000,230,3776,12345678,12345678,0,1
1,Noel,Beard,noel.beard@gmail.com,1184982724,1184982724,BKA,HA NOI,HAI DUONG,HA NOI,000,230,3776,12345678,12345678,0,1
1,Grace,Burris,grace.burris@gmail.com,8169945285,8169945285,BKA,HA NOI,HAI DUONG,HA NOI,000,230,3776,12345678,12345678,0,1
1,Ernesto,Alvarado,ernesto.alvarado@gmail.com,5424432970,5424432970,BKA,HA NOI,HAI DUONG,HA NOI,000,230,3776,12345678,12345678,0,1
1,Ana,Anderson,ana.anderson@gmail.com,5706120012,5706120012,BKA,HA NOI,HAI DUONG,HA NOI,000,230,3776,12345678,12345678,0,1
1,Chiaki,Alexander,chiaki.alexander@gmail.com,9638422344,9638422344,BKA,HA NOI,HAI DUONG,HA NOI,000,230,3776,12345678,12345678,0,1
1,Emi,Bass,emi.bass@gmail.com,3388848176,3388848176,BKA,HA NOI,HAI DUONG,HA NOI,000,230,3776,12345678,12345678,0,1
1,Karl,Atkinson,karl.atkinson@gmail.com,8322890570,8322890570,BKA,HA NOI,HAI DUONG,HA NOI,000,230,3776,12345678,12345678,0,1
1,Kirk,Calderon,kirk.calderon@gmail.com,2880215777,2880215777,BKA,HA NOI,HAI DUONG,HA NOI,000,230,3776,12345678,12345678,0,1
1,Bonnie,Blackburn,bonnie.blackburn@gmail.com,9576977286,9576977286,BKA,HA NOI,HAI DUONG,HA NOI,000,230,3776,12345678,12345678,0,1
1,Bonnie,Benson,bonnie.benson@gmail.com,4875428616,4875428616,BKA,HA NOI,HAI DUONG,HA NOI,000,230,3776,12345678,12345678,0,1
1,Edouard,Bean,edouard.bean@gmail.com,2550442115,2550442115,BKA,HA NOI,HAI DUONG,HA NOI,000,230,3776,12345678,12345678,0,1
1,Henri,Brewer,henri.brewer@gmail.com,6084213652,6084213652,BKA,HA NOI,HAI DUONG,HA NOI,000,230,3776,12345678,12345678,0,1
1,Youko,Bernard,youko.bernard@gmail.com,2706424478,2706424478,BKA,HA NOI,HAI DUONG,HA NOI,000,230,3776,12345678,12345678,0,1
1,Stan,Barber,stan.barber@gmail.com,9220554552,9220554552,BKA,HA NOI,HAI DUONG,HA NOI,000,230,3776,12345678,12345678,0,1
1,Reina,Bryan,reina.bryan@gmail.com,1917355516,1917355516,BKA,HA NOI,HAI DUONG,HA NOI,000,230,3776,12345678,12345678,0,1
1,Kumiko,Bruce,kumiko.bruce@gmail.com,8022542905,8022542905,BKA,HA NOI,HAI DUONG,HA NOI,000,230,3776,12345678,12345678,0,1
1,Reina,Burks,reina.burks@gmail.com,5210298239,5210298239,BKA,HA NOI,HAI DUONG,HA NOI,000,230,3776,12345678,12345678,0,1
1,Rie,Calderon,rie.calderon@gmail.com,2794272632,2794272632,BKA,HA NOI,HAI DUONG,HA NOI,000,230,3776,12345678,12345678,0,1
1,Joyce,Baxter,joyce.baxter@gmail.com,6313812609,6313812609,BKA,HA NOI,HAI DUONG,HA NOI,000,230,3776,12345678,12345678,0,1
1,Isidore,Briggs,isidore.briggs@gmail.com,9822623526,9822623526,BKA,HA NOI,HAI DUONG,HA NOI,000,230,3776,12345678,12345678,0,1
1,Karl,Calderon,karl.calderon@gmail.com,6636814471,6636814471,BKA,HA NOI,HAI DUONG,HA NOI,000,230,3776,12345678,12345678,0,1
1,Rafael,Bass,rafael.bass@gmail.com,5556184046,5556184046,BKA,HA NOI,HAI DUONG,HA NOI,000,230,3776,12345678,12345678,0,1
1,Karl,Bishop,karl.bishop@gmail.com,1467763552,1467763552,BKA,HA NOI,HAI DUONG,HA NOI,000,230,3776,12345678,12345678,0,1
1,Nanaho,Ballard,nanaho.ballard@gmail.com,2812167458,2812167458,BKA,HA NOI,HAI DUONG,HA NOI,000,230,3776,12345678,12345678,0,1
1,Naoko,Bird,naoko.bird@gmail.com,6900893794,6900893794,BKA,HA NOI,HAI DUONG,HA NOI,000,230,3776,12345678,12345678,0,1
1,Virginie,Ashley,virginie.ashley@gmail.com,4347833937,4347833937,BKA,HA NOI,HAI DUONG,HA NOI,000,230,3776,12345678,12345678,0,1
1,Maria,Alford,maria.alford@gmail.com,2456861297,2456861297,BKA,HA NOI,HAI DUONG,HA NOI,000,230,3776,12345678,12345678,0,1
1,Jeanne,Alvarez,jeanne.alvarez@gmail.com,5594417274,5594417274,BKA,HA NOI,HAI DUONG,HA NOI,000,230,3776,12345678,12345678,0,1
1,Aki,Bolton,aki.bolton@gmail.com,4116557696,4116557696,BKA,HA NOI,HAI DUONG,HA NOI,000,230,3776,12345678,12345678,0,1
1,Cristobal,Bright,cristobal.bright@gmail.com,4504417433,4504417433,BKA,HA NOI,HAI DUONG,HA NOI,000,230,3776,12345678,12345678,0,1
1,Paula,Bray,paula.bray@gmail.com,7640727370,7640727370,BKA,HA NOI,HAI DUONG,HA NOI,000,230,3776,12345678,12345678,0,1
1,Katrina,Alexander,katrina.alexander@gmail.com,4109162344,4109162344,BKA,HA NOI,HAI DUONG,HA NOI,000,230,3776,12345678,12345678,0,1
1,Felix,Anthony,felix.anthony@gmail.com,5482720583,5482720583,BKA,HA NOI,HAI DUONG,HA NOI,000,230,3776,12345678,12345678,0,1
1,Valerie,Bartlett,valerie.bartlett@gmail.com,5859827722,5859827722,BKA,HA NOI,HAI DUONG,HA NOI,000,230,3776,12345678,12345678,0,1
1,Dean,Anderson,dean.anderson@gmail.com,2914375628,2914375628,BKA,HA NOI,HAI DUONG,HA NOI,000,230,3776,12345678,12345678,0,1
1,Etsuko,Avery,etsuko.avery@gmail.com,6677733323,6677733323,BKA,HA NOI,HAI DUONG,HA NOI,000,230,3776,12345678,12345678,0,1
1,Odette,Beasley,odette.beasley@gmail.com,1976419367,1976419367,BKA,HA NOI,HAI DUONG,HA NOI,000,230,3776,12345678,12345678,0,1
1,Alberto,Booth,alberto.booth@gmail.com,4371122265,4371122265,BKA,HA NOI,HAI DUONG,HA NOI,000,230,3776,12345678,12345678,0,1
1,Danielle,Burgess,danielle.burgess@gmail.com,1265813433,1265813433,BKA,HA NOI,HAI DUONG,HA NOI,000,230,3776,12345678,12345678,0,1
1,Sayuri,Browning,sayuri.browning@gmail.com,1967754797,1967754797,BKA,HA NOI,HAI DUONG,HA NOI,000,230,3776,12345678,12345678,0,1
1,Dean,Aguirre,dean.aguirre@gmail.com,9907382257,9907382257,BKA,HA NOI,HAI DUONG,HA NOI,000,230,3776,12345678,12345678,0,1
1,Lee,Britt,lee.britt@gmail.com,9571192669,9571192669,BKA,HA NOI,HAI DUONG,HA NOI,000,230,3776,12345678,12345678,0,1
1,Otto,Beach,otto.beach@gmail.com,1381334532,1381334532,BKA,HA NOI,HAI DUONG,HA NOI,000,230,3776,12345678,12345678,0,1
1,Hanna,Beck,hanna.beck@gmail.com,8326588672,8326588672,BKA,HA NOI,HAI DUONG,HA NOI,000,230,3776,12345678,12345678,0,1
1,Shary,Caldwell,shary.caldwell@gmail.com,3684234219,3684234219,BKA,HA NOI,HAI DUONG,HA NOI,000,230,3776,12345678,12345678,0,1
1,Joyce,Brennan,joyce.brennan@gmail.com,8663048185,8663048185,BKA,HA NOI,HAI DUONG,HA NOI,000,230,3776,12345678,12345678,0,1
1,Danny,Baker,danny.baker@gmail.com,3235772618,3235772618,BKA,HA NOI,HAI DUONG,HA NOI,000,230,3776,12345678,12345678,0,1
1,Itoe,Bird,itoe.bird@gmail.com,7353269519,7353269519,BKA,HA NOI,HAI DUONG,HA NOI,000,230,3776,12345678,12345678,0,1
1,Hanna,Anthony,hanna.anthony@gmail.com,2761768534,2761768534,BKA,HA NOI,HAI DUONG,HA NOI,000,230,3776,12345678,12345678,0,1
1,Erin,Burch,erin.burch@gmail.com,9163071433,9163071433,BKA,HA NOI,HAI DUONG,HA NOI,000,230,3776,12345678,12345678,0,1
1,Chantal,Benson,chantal.benson@gmail.com,2894177330,2894177330,BKA,HA NOI,HAI DUONG,HA NOI,000,230,3776,12345678,12345678,0,1
1,Nate,Bailey,nate.bailey@gmail.com,7604429286,7604429286,BKA,HA NOI,HAI DUONG,HA NOI,000,230,3776,12345678,12345678,0,1
1,Tammy,Barlow,tammy.barlow@gmail.com,5007056164,5007056164,BKA,HA NOI,HAI DUONG,HA NOI,000,230,3776,12345678,12345678,0,1
1,Joyce,Bell,joyce.bell@gmail.com,9067872684,9067872684,BKA,HA NOI,HAI DUONG,HA NOI,000,230,3776,12345678,12345678,0,1
1,Leslie,Baldwin,leslie.baldwin@gmail.com,3350535727,3350535727,BKA,HA NOI,HAI DUONG,HA NOI,000,230,3776,12345678,12345678,0,1
1,Karen,Buchanan,karen.buchanan@gmail.com,7190129118,7190129118,BKA,HA NOI,HAI DUONG,HA NOI,000,230,3776,12345678,12345678,0,1
1,Cindy,Avery,cindy.avery@gmail.com,3320299207,3320299207,BKA,HA NOI,HAI DUONG,HA NOI,000,230,3776,12345678,12345678,0,1
1,Gustav,Bell,gustav.bell@gmail.com,7192483875,7192483875,BKA,HA NOI,HAI DUONG,HA NOI,000,230,3776,12345678,12345678,0,1
1,Bertha,Bentley,bertha.bentley@gmail.com,2204797363,2204797363,BKA,HA NOI,HAI DUONG,HA NOI,000,230,3776,12345678,12345678,0,1
1,Cindy,Buchanan,cindy.buchanan@gmail.com,5003615164,5003615164,BKA,HA NOI,HAI DUONG,HA NOI,000,230,3776,12345678,12345678,0,1
1,Kazuko,Andrews,kazuko.andrews@gmail.com,1326942651,1326942651,BKA,HA NOI,HAI DUONG,HA NOI,000,230,3776,12345678,12345678,0,1
1,Richard,Austin,richard.austin@gmail.com,8881328350,8881328350,BKA,HA NOI,HAI DUONG,HA NOI,000,230,3776,12345678,12345678,0,1
1,Tomas,Ballard,tomas.ballard@gmail.com,8734017283,8734017283,BKA,HA NOI,HAI DUONG,HA NOI,000,230,3776,12345678,12345678,0,1
1,Dean,Calhoun,dean.calhoun@gmail.com,5005650527,5005650527,BKA,HA NOI,HAI DUONG,HA NOI,000,230,3776,12345678,12345678,0,1
1,Bret,Buckner,bret.buckner@gmail.com,5223529806,5223529806,BKA,HA NOI,HAI DUONG,HA NOI,000,230,3776,12345678,12345678,0,1
1,Stan,Arnold,stan.arnold@gmail.com,8610975133,8610975133,BKA,HA NOI,HAI DUONG,HA NOI,000,230,3776,12345678,12345678,0,1
1,Lili,Burt,lili.burt@gmail.com,6328748458,6328748458,BKA,HA NOI,HAI DUONG,HA NOI,000,230,3776,12345678,12345678,0,1
1,Kate,Best,kate.best@gmail.com,9839969614,9839969614,BKA,HA NOI,HAI DUONG,HA NOI,000,230,3776,12345678,12345678,0,1
1,Lee,Brooks,lee.brooks@gmail.com,7835334236,7835334236,BKA,HA NOI,HAI DUONG,HA NOI,000,230,3776,12345678,12345678,0,1
1,Wanda,Bean,wanda.bean@gmail.com,1573683322,1573683322,BKA,HA NOI,HAI DUONG,HA NOI,000,230,3776,12345678,12345678,0,1
1,Humberto,Alston,humberto.alston@gmail.com,3862837691,3862837691,BKA,HA NOI,HAI DUONG,HA NOI,000,230,3776,12345678,12345678,0,1
1,Odette,Barber,odette.barber@gmail.com,9407114621,9407114621,BKA,HA NOI,HAI DUONG,HA NOI,000,230,3776,12345678,12345678,0,1
1,Vicky,Berg,vicky.berg@gmail.com,2481913728,2481913728,BKA,HA NOI,HAI DUONG,HA NOI,000,230,3776,12345678,12345678,0,1
1,Toshie,Allen,toshie.allen@gmail.com,9119466483,9119466483,BKA,HA NOI,HAI DUONG,HA NOI,000,230,3776,12345678,12345678,0,1
1,Nana,Andrews,nana.andrews@gmail.com,9597790624,9597790624,BKA,HA NOI,HAI DUONG,HA NOI,000,230,3776,12345678,12345678,0,1
1,Juan,Bonner,juan.bonner@gmail.com,3032065066,3032065066,BKA,HA NOI,HAI DUONG,HA NOI,000,230,3776,12345678,12345678,0,1
1,Larry,Barr,larry.barr@gmail.com,2212434707,2212434707,BKA,HA NOI,HAI DUONG,HA NOI,000,230,3776,12345678,12345678,0,1
1,Nicholas,Arnold,nicholas.arnold@gmail.com,1433289035,1433289035,BKA,HA NOI,HAI DUONG,HA NOI,000,230,3776,12345678,12345678,0,1
1,Sally,Black,sally.black@gmail.com,2458644097,2458644097,BKA,HA NOI,HAI DUONG,HA NOI,000,230,3776,12345678,12345678,0,1
1,Allison,Alston,allison.alston@gmail.com,6762157091,6762157091,BKA,HA NOI,HAI DUONG,HA NOI,000,230,3776,12345678,12345678,0,1
1,Beryl,Benjamin,beryl.benjamin@gmail.com,5475515819,5475515819,BKA,HA NOI,HAI DUONG,HA NOI,000,230,3776,12345678,12345678,0,1
1,Richard,Brennan,richard.brennan@gmail.com,9856959456,9856959456,BKA,HA NOI,HAI DUONG,HA NOI,000,230,3776,12345678,12345678,0,1
1,Chris,Atkinson,chris.atkinson@gmail.com,4882148064,4882148064,BKA,HA NOI,HAI DUONG,HA NOI,000,230,3776,12345678,12345678,0,1
1,Vicky,Calderon,vicky.calderon@gmail.com,2127230878,2127230878,BKA,HA NOI,HAI DUONG,HA NOI,000,230,3776,12345678,12345678,0,1
1,Reina,Bender,reina.bender@gmail.com,4980590897,4980590897,BKA,HA NOI,HAI DUONG,HA NOI,000,230,3776,12345678,12345678,0,1
1,Josephine,Alvarado,josephine.alvarado@gmail.com,4657982674,4657982674,BKA,HA NOI,HAI DUONG,HA NOI,000,230,3776,12345678,12345678,0,1
1,Olga,Armstrong,olga.armstrong@gmail.com,3979519863,3979519863,BKA,HA NOI,HAI DUONG,HA NOI,000,230,3776,12345678,12345678,0,1
1,Erin,Beasley,erin.beasley@gmail.com,7471050259,7471050259,BKA,HA NOI,HAI DUONG,HA NOI,000,230,3776,12345678,12345678,0,1
1,Fabian,Battle,fabian.battle@gmail.com,1520952970,1520952970,BKA,HA NOI,HAI DUONG,HA NOI,000,230,3776,12345678,12345678,0,1
1,Iris,Armstrong,iris.armstrong@gmail.com,8344353135,8344353135,BKA,HA NOI,HAI DUONG,HA NOI,000,230,3776,12345678,12345678,0,1
1,Rafael,Barnes,rafael.barnes@gmail.com,7338490783,7338490783,BKA,HA NOI,HAI DUONG,HA NOI,000,230,3776,12345678,12345678,0,1
1,Junko,Barber,junko.barber@gmail.com,4368554042,4368554042,BKA,HA NOI,HAI DUONG,HA NOI,000,230,3776,12345678,12345678,0,1
1,Hermine,Browning,hermine.browning@gmail.com,4282233823,4282233823,BKA,HA NOI,HAI DUONG,HA NOI,000,230,3776,12345678,12345678,0,1
1,Bertha,Brennan,bertha.brennan@gmail.com,3716846529,3716846529,BKA,HA NOI,HAI DUONG,HA NOI,000,230,3776,12345678,12345678,0,1
1,Lili,Buck,lili.buck@gmail.com,7035538872,7035538872,BKA,HA NOI,HAI DUONG,HA NOI,000,230,3776,12345678,12345678,0,1
1,Sam,Bass,sam.bass@gmail.com,4688032692,4688032692,BKA,HA NOI,HAI DUONG,HA NOI,000,230,3776,12345678,12345678,0,1
1,Michelle,Bowen,michelle.bowen@gmail.com,1628612722,1628612722,BKA,HA NOI,HAI DUONG,HA NOI,000,230,3776,12345678,12345678,0,1
1,Nicholas,Bentley,nicholas.bentley@gmail.com,5963530539,5963530539,BKA,HA NOI,HAI DUONG,HA NOI,000,230,3776,12345678,12345678,0,1
1,Florence,Acosta,florence.acosta@gmail.com,3607577232,3607577232,BKA,HA NOI,HAI DUONG,HA NOI,000,230,3776,12345678,12345678,0,1
